collaborative,num_albums,num_tracks,num_followers,num_edits,duration_ms,num_artists
0,47,52,1,6,11532414,37
0,23,39,1,5,11656470,21
0,51,64,1,18,14039958,31
0,107,126,1,4,28926058,86
0,16,17,2,7,4335282,16
0,71,80,1,3,19156557,56
0,15,16,1,2,3408479,13
0,52,53,1,38,12674796,48
0,37,46,2,21,9948921,23
0,20,21,1,10,4297488,18
0,60,72,2,36,16403398,40
0,117,134,1,16,35655891,99
0,9,9,1,3,1981349,9
0,13,13,1,5,3039124,12
0,79,103,1,3,25837498,61
0,5,7,1,3,1818256,3
0,94,105,1,45,24695913,81
0,69,79,1,11,17627215,61
0,66,68,1,18,15917464,55
0,82,85,1,54,21627256,70
0,9,14,3,11,2165531,6
0,15,15,1,8,3709224,15
0,39,42,2,15,9077152,37
0,16,20,1,4,5843925,7
0,5,7,1,4,1693822,3
0,38,41,2,8,9067261,31
0,20,26,1,7,6442086,15
0,11,12,1,5,2902584,8
0,57,81,7,26,18831207,37
0,39,40,1,16,8059613,39
0,17,157,1,6,34463029,9
0,94,97,1,34,20594090,83
0,85,106,1,9,24656509,72
0,14,17,1,7,4295055,11
0,72,80,1,39,18149784,65
0,58,70,1,56,15247117,52
0,9,9,1,3,1895637,5
0,69,72,1,7,16626596,55
0,51,53,1,16,12636678,42
0,34,58,1,14,12611044,17
0,80,85,6,27,18672695,71
0,105,209,1,13,49193451,55
0,131,158,2,51,33759110,106
0,9,21,1,5,4581750,9
0,29,33,3,18,6837317,21
0,69,76,1,5,18755470,54
0,11,11,1,2,2724593,8
0,15,15,1,15,3857335,14
0,20,32,1,12,7163190,13
0,37,45,1,22,15097154,23
0,40,55,1,3,11777971,31
0,36,54,1,21,12833397,25
0,14,15,5,2,2647155,10
0,93,105,4,8,25223598,75
0,5,5,1,4,1185919,4
0,74,151,3,20,33994572,27
0,18,19,1,12,5036761,13
0,16,19,1,12,4593106,15
0,4,38,2,3,7640168,3
0,95,136,3,53,29179125,57
0,64,66,2,30,16331347,64
0,9,13,1,7,2891358,8
0,32,33,2,20,8082346,23
0,36,38,1,2,8507708,34
0,73,105,1,17,21722739,61
0,108,133,1,27,27865852,87
0,80,81,1,4,17574203,72
0,8,8,1,5,1676469,7
0,90,174,1,20,40691418,47
0,15,18,1,11,4255622,13
0,59,74,1,37,16959911,47
0,24,26,1,3,5819956,23
0,139,197,1,22,44051231,83
0,32,34,1,12,7571761,31
0,5,5,1,2,1420634,5
0,14,14,2,2,3386398,12
0,31,32,4,19,6964996,29
0,15,24,1,10,6482548,12
0,15,16,1,4,5141065,16
0,15,16,1,2,4064642,14
0,54,66,1,10,16146953,30
0,38,64,1,11,16180860,24
0,16,25,1,8,8803027,9
0,48,69,2,4,15764803,22
0,35,39,1,17,10457609,26
0,63,72,2,33,18025402,45
0,31,42,1,30,10492328,23
0,22,24,1,13,5561220,20
0,34,66,1,23,14529680,12
0,85,92,1,2,23229656,82
0,76,103,2,5,22433711,41
0,54,68,3,9,18184816,37
0,7,8,1,2,2012078,3
0,82,98,1,27,21802838,67
0,112,124,1,35,27578241,97
0,133,170,1,50,40155045,90
0,12,19,1,5,3679250,10
0,56,233,1,16,54634292,42
1,20,81,1,8,26901306,3
0,38,42,2,3,8381755,35
0,12,22,1,4,4782436,19
0,21,22,1,2,4922286,21
0,14,48,1,28,10051080,9
0,133,177,1,28,43921538,63
0,30,65,1,7,15475350,26
0,96,115,1,10,27285505,82
1,105,114,1,26,29550753,100
0,58,62,2,37,14274383,50
0,10,69,1,2,16200460,6
0,100,132,1,56,37033649,64
0,29,33,2,5,7720149,19
0,20,24,1,13,5198964,16
1,65,65,1,10,15714900,61
0,17,19,1,4,4225410,14
0,16,23,1,2,4879293,4
0,148,194,4,48,43332923,102
0,11,12,1,4,3014754,10
0,13,13,1,7,2935585,13
0,35,38,1,33,8513051,31
0,20,23,1,3,5742787,15
0,70,103,1,8,20816578,59
0,126,168,1,31,43372532,82
0,18,20,1,3,4496055,20
0,225,245,1,26,55676545,171
0,156,176,2,86,39278419,118
0,39,53,1,14,11809365,26
0,47,50,1,6,9768248,48
1,25,26,1,3,5549763,24
0,18,18,1,10,3875986,17
0,84,94,3,7,22018885,74
0,96,205,2,12,46317403,45
0,92,99,1,10,24902583,68
1,10,10,1,9,2443305,10
1,19,20,4,17,4344880,18
0,200,233,1,53,56753582,141
0,44,53,1,4,13660732,39
0,28,32,1,14,8207681,22
0,20,24,1,6,5543879,20
0,119,130,1,79,33346619,103
0,44,44,2,26,9799655,40
0,60,71,1,25,17565348,52
0,22,22,1,6,5306521,22
0,63,109,1,26,26629274,47
0,23,37,1,2,8258520,17
0,52,60,4,23,14408181,41
0,38,46,1,3,13089519,14
0,59,198,2,11,44443762,34
0,9,10,1,5,2170254,8
0,117,141,1,81,31352547,93
0,25,34,3,14,8045907,16
0,98,130,2,27,28272833,75
0,41,42,1,17,9636183,32
0,74,89,1,49,19844176,66
0,27,29,1,3,7116222,20
0,44,50,1,10,11290220,41
0,20,24,1,9,5759353,20
0,157,188,2,57,49012499,103
0,22,22,1,7,4484363,16
0,94,102,3,12,23064355,86
0,32,33,1,4,8912254,27
0,7,7,1,5,1460954,7
0,118,161,2,24,37767243,68
0,40,41,1,6,11526358,21
0,34,61,1,3,15123038,22
0,43,46,5,10,10592578,35
0,8,10,2,2,1983622,6
0,51,55,7,5,12866664,41
0,40,74,3,33,17432543,23
0,11,12,1,3,2792225,9
0,125,134,2,102,35755512,110
0,42,52,1,2,13356225,29
0,21,29,1,14,6141737,18
0,35,41,1,13,8937392,33
0,89,95,1,17,24626956,70
0,15,16,1,3,3513542,15
0,12,18,1,2,4337022,4
0,106,141,1,91,30577508,73
0,23,25,1,10,5816378,21
0,53,70,1,38,15221475,38
0,20,21,2,9,4874193,20
0,15,17,1,3,3954876,6
0,27,27,1,12,5897376,21
0,142,171,5,70,36797138,110
0,45,85,1,17,18325566,28
1,42,50,1,19,12322340,41
0,109,121,5,63,27409576,90
0,25,41,1,10,9089382,21
0,15,17,1,3,3675299,15
0,17,17,1,6,4500528,17
0,40,66,2,13,20941788,25
0,21,70,1,13,19890530,11
0,19,22,2,11,5141478,11
0,33,37,1,6,8618956,26
0,13,14,1,6,3161650,12
0,115,130,1,6,29136511,92
0,63,68,1,42,16610475,51
0,29,29,1,4,7031522,28
0,55,57,1,19,14156348,53
0,19,25,1,4,7654553,23
0,53,79,5,5,19698418,52
0,12,14,1,5,3174293,10
0,42,46,1,11,9614973,41
0,49,64,1,14,17063915,31
0,45,47,1,19,10835351,37
0,10,10,2,8,2158596,10
0,44,49,1,21,12113727,40
0,5,5,1,5,1207465,5
0,37,44,1,4,10601309,29
0,35,90,1,25,19029995,31
0,41,52,2,27,11105323,34
0,54,123,1,6,22073980,50
0,67,79,2,21,19732875,45
0,115,146,1,32,32351099,68
0,9,17,1,3,3945474,3
0,141,157,1,30,35259245,113
0,39,41,2,8,8787620,34
0,15,29,1,6,8270009,11
0,36,148,1,17,32794865,18
0,93,98,1,4,21299385,74
0,20,30,1,8,8744086,11
0,19,68,1,5,15053798,35
0,13,15,1,11,3412812,8
0,17,17,1,2,3740128,16
0,106,120,10,37,29870133,76
0,103,115,3,39,30900252,91
0,74,80,1,4,16984247,51
0,71,111,1,6,29662320,47
0,41,55,1,32,13509708,26
0,170,176,1,125,44182045,134
0,17,18,1,10,3845941,14
0,23,24,2,13,6247266,23
0,80,229,9,45,52092271,40
0,47,50,1,11,10847902,44
0,5,5,1,2,1202613,5
0,37,43,1,14,9846155,30
0,32,40,1,9,8548120,25
0,46,48,1,5,11854860,40
0,84,92,3,41,22046144,67
0,17,22,1,7,4831759,17
0,53,124,1,4,28533260,20
0,26,34,1,8,8123185,23
0,25,151,18,17,29003627,7
0,16,18,1,13,3704527,14
0,117,123,1,16,31295097,92
0,52,67,1,24,14984483,33
0,57,62,1,14,13380646,56
0,64,67,1,9,17113460,60
0,12,18,1,2,3842078,13
0,20,25,1,2,4917330,17
0,30,31,1,7,6641777,24
0,30,31,1,19,7202128,23
0,16,28,1,10,5951576,16
0,66,96,1,6,20613122,25
0,69,78,4,23,17563757,53
0,28,37,2,9,8187579,23
0,28,32,22,3,6772221,25
0,50,66,1,16,15305341,38
0,25,37,1,2,9175936,15
0,26,38,4,5,10909538,15
0,55,88,1,8,14339409,49
0,31,55,1,4,12997268,17
0,18,18,1,6,4064947,17
0,114,145,1,31,31111329,77
0,40,44,1,14,9779988,32
1,181,188,4,84,45344306,167
0,30,120,1,11,27307206,23
0,12,12,1,2,2692382,12
0,25,38,1,14,8140922,21
0,35,35,1,8,7742394,35
0,26,27,1,25,5684090,23
0,136,179,2,43,32143449,80
0,19,22,1,8,5311731,17
0,12,13,1,9,2974104,10
0,17,17,1,11,4068227,17
0,47,59,1,6,14753814,39
0,50,66,1,30,14507886,44
0,11,12,1,6,2636459,11
0,34,46,1,3,10832487,25
1,5,5,1,4,1004632,5
0,81,97,1,43,22090714,60
0,46,55,1,7,12732512,27
0,18,58,4,10,17768780,5
0,31,34,1,13,6825682,27
0,82,108,1,75,25726813,67
0,51,73,1,4,18667177,35
0,69,99,1,38,22954669,43
0,40,42,1,16,10192296,38
0,20,26,1,9,5852214,14
0,37,48,1,5,11506662,25
0,9,10,2,3,2543865,9
0,32,35,1,5,8039278,25
0,59,70,1,6,15999383,37
0,13,38,1,4,6954268,27
0,16,57,2,4,11613183,10
0,62,83,1,43,18718099,42
0,35,47,2,3,9019237,38
0,31,35,11,19,8320641,26
0,7,81,1,4,15067440,44
0,32,49,1,5,12429584,19
0,27,34,1,5,8138630,15
0,16,17,1,2,4011284,16
0,8,21,1,2,4366453,18
0,90,105,1,4,25101830,81
0,10,43,1,2,11513927,3
0,40,48,2,10,12463335,29
0,25,26,3,9,5593000,19
0,16,29,1,8,6779280,12
0,23,24,1,3,6253280,20
0,16,17,1,3,4150010,16
0,45,47,1,14,10681914,42
0,43,51,1,4,12219595,32
0,46,56,1,10,10542273,31
0,23,23,1,9,5397462,22
0,4,6,1,4,1212478,4
0,37,38,1,6,9505810,23
0,26,29,2,3,6877882,20
0,49,54,1,45,13552645,43
0,27,30,2,3,7089317,23
0,10,11,1,5,2610032,9
0,50,63,1,2,14326291,38
0,26,26,2,19,5542687,25
0,7,31,1,2,6725888,3
0,33,35,3,2,11012768,29
0,22,30,1,4,7088594,12
0,63,74,3,21,22279115,40
1,18,34,1,4,6599221,26
0,80,101,3,7,25182544,51
0,18,18,1,2,3190461,15
0,97,123,4,93,25668008,48
0,70,89,3,26,23258201,41
0,170,179,1,68,45748141,149
0,118,135,5,17,33436194,92
0,46,60,2,23,11843337,29
0,37,55,2,14,13568608,30
0,101,124,1,7,29638000,80
0,94,143,2,15,30444466,57
0,5,5,1,2,1170598,4
0,8,8,1,4,1820885,7
0,80,118,1,3,28122775,57
0,77,126,4,60,45868016,47
0,17,23,1,7,4539311,15
0,165,209,3,90,50144158,127
0,127,167,1,15,43330767,111
0,29,32,1,7,7914593,25
0,31,35,1,4,6545278,23
0,6,16,6,2,4643215,5
0,12,12,2,6,2661531,11
0,13,28,1,5,6551213,3
0,119,202,1,17,44886478,76
0,25,26,1,16,5286771,24
0,70,83,1,5,19787271,40
0,54,59,1,30,13840477,49
0,24,28,1,7,5482381,18
0,16,23,3,17,5443704,10
0,57,64,1,5,17231492,45
0,62,70,1,3,15592913,45
0,25,38,1,3,7540174,23
0,151,161,1,61,41285947,124
0,58,75,1,10,16889187,42
0,52,54,1,17,12011735,45
0,121,132,1,20,29612805,107
0,74,79,1,53,18559219,63
0,163,236,1,79,51374372,114
0,90,101,1,29,24867623,58
0,41,46,1,16,10060589,37
0,114,128,15,18,29409896,90
0,6,9,1,2,2277105,4
0,85,118,1,45,28379452,56
0,15,25,1,9,5702204,12
0,42,60,1,14,17456909,26
0,33,44,2,7,8161116,27
0,15,15,1,4,3675883,14
0,8,10,1,2,2478019,7
0,42,63,2,13,14549013,36
0,111,122,1,25,28515226,88
0,57,82,1,14,19672852,36
0,77,88,1,49,20937145,66
0,12,22,1,3,4899854,12
0,37,69,1,7,15202639,15
0,75,99,7,11,22446377,55
0,103,134,3,23,29808136,67
0,39,54,1,14,13338999,33
0,14,14,2,5,3617477,13
0,30,31,2,17,6189886,29
0,43,46,2,18,10981819,37
0,26,27,1,10,6849369,23
0,22,23,1,5,5174542,16
0,4,5,1,3,1002971,3
0,28,29,1,4,7214292,24
0,161,174,2,81,37004827,140
0,29,30,1,15,7507260,27
0,56,68,3,18,12322081,47
0,78,88,1,56,20317291,70
0,49,72,1,16,15702225,33
0,21,23,1,2,5667027,20
0,57,61,1,12,13079525,45
0,103,152,1,13,35191686,75
0,17,22,1,7,4790006,12
0,12,16,1,6,4724058,10
0,25,28,1,2,6903551,18
0,32,40,1,17,8172580,30
0,162,170,4,49,35978286,133
0,99,129,1,5,44224023,94
0,167,210,4,70,47796786,119
0,26,73,1,3,14809281,17
0,168,214,1,93,49840293,94
0,130,228,2,16,57817131,73
0,9,51,1,5,11463791,3
0,9,9,1,6,2161944,8
0,28,33,1,8,8890863,22
0,17,87,1,4,21653950,10
0,135,169,1,80,37973952,104
0,107,189,2,22,40797603,69
1,22,22,1,13,5345965,21
0,15,17,1,2,3623844,10
0,9,12,1,5,2473737,6
0,42,44,1,3,9971391,29
0,8,17,1,4,4516482,6
1,8,18,1,9,4042078,8
0,110,121,1,25,31247117,87
0,35,109,1,29,24692333,23
0,21,23,1,2,5759204,20
0,47,55,1,3,13301408,28
0,11,18,1,2,3872886,7
0,89,122,1,32,35954911,62
0,10,10,1,3,2339579,7
0,69,90,3,19,20413157,59
0,100,113,4,4,25137572,81
0,88,111,1,8,24126961,72
0,36,41,7,19,9498986,33
0,2,28,1,2,5703259,11
0,86,94,1,3,22270488,74
0,80,84,1,51,21216501,74
0,25,29,1,9,7444505,21
0,67,100,1,6,24165285,39
0,35,44,1,3,10914764,28
0,72,151,2,50,38166653,34
0,157,199,1,62,44540531,131
0,84,92,1,55,23006426,73
0,116,174,2,8,42572851,77
0,21,24,1,2,5700465,19
0,176,203,4,46,49593533,141
0,151,195,4,63,48662391,87
0,38,41,2,19,10588977,36
0,9,12,1,6,2662059,6
0,21,24,1,5,5948451,16
0,40,42,1,13,9061700,36
0,39,166,1,4,35055308,49
0,24,26,1,15,5695510,23
0,15,16,1,6,3853134,13
0,56,74,2,17,15955232,41
0,21,22,1,7,5792425,19
0,71,77,2,20,16804240,59
0,124,159,1,74,37834259,108
0,82,159,1,24,35784342,36
0,42,45,1,17,10313789,40
0,139,240,1,97,51403555,87
0,58,63,3,8,14153692,52
0,81,89,1,61,20724857,71
1,87,102,2,87,24677599,78
0,89,95,3,26,22939246,64
0,18,18,2,3,4381406,18
0,42,51,2,12,11622691,33
0,27,32,1,5,5905301,19
0,13,13,1,7,2847637,13
0,69,140,2,9,23574237,20
0,17,26,1,7,5557362,14
0,16,130,1,3,36302317,17
0,117,140,4,69,33311177,104
0,20,62,1,8,13101094,12
0,66,173,1,36,33179507,70
0,102,142,1,22,32270515,83
0,68,139,1,28,32037134,26
0,41,51,1,29,12585762,29
0,7,24,1,4,4029486,3
0,144,175,1,113,39994234,111
0,67,78,1,10,18122170,65
0,12,12,1,2,2417457,12
0,52,60,1,13,13092323,48
0,38,51,1,17,11477824,26
0,78,99,1,27,22352013,50
0,17,22,1,6,5323927,11
0,6,6,2,4,1562705,6
0,131,241,1,9,53978628,69
0,20,21,1,3,4499260,18
0,53,57,1,2,14488430,52
0,5,17,1,4,3837468,3
0,40,41,1,25,9044857,34
0,36,36,1,3,6544676,33
0,42,59,1,3,12956659,35
0,9,15,1,5,3329570,9
0,183,218,2,129,49468947,156
0,15,34,1,2,10072445,5
0,44,58,1,17,16276487,36
0,27,27,1,6,6234350,23
0,16,18,1,6,3886228,15
0,20,20,1,6,4431454,20
0,23,25,1,3,4708341,24
0,41,71,1,7,16323263,20
0,78,87,1,6,20264434,69
0,26,28,1,3,6483456,24
0,19,28,1,6,6138290,14
0,45,52,1,24,11001091,43
0,18,25,2,10,4395793,16
0,132,158,1,30,43925879,92
0,40,54,1,6,13046807,30
0,45,71,1,5,15632980,22
0,19,32,1,9,8142362,13
0,26,26,2,21,5568007,22
0,73,85,3,56,21298674,55
0,20,36,1,2,8397487,16
0,22,32,3,14,7117095,20
0,31,33,1,10,8130764,26
0,45,46,1,7,9155649,36
1,26,31,1,4,7108879,17
0,24,36,2,11,7708849,12
0,171,188,13,41,48588746,140
0,44,44,1,14,11305008,38
0,13,14,1,3,4044572,12
0,53,55,2,3,12628932,50
0,27,29,1,2,6739650,26
0,108,127,1,45,27364349,85
0,21,21,1,3,4535591,19
0,107,152,2,72,36820002,77
0,30,64,1,2,11118596,14
0,67,139,1,14,28666216,25
0,118,127,6,33,28492715,96
0,45,49,3,15,13221839,32
0,88,137,1,20,25752229,42
0,34,36,2,21,8740289,32
0,42,51,1,15,10931073,23
0,6,6,1,5,1543972,6
0,104,146,2,52,36226179,78
0,9,34,1,3,7660529,3
0,7,13,1,3,3337982,4
0,11,46,4,5,12714068,3
0,22,25,1,2,6307309,21
0,30,36,1,3,8004959,20
0,25,28,2,10,6152042,26
0,28,28,17,12,6360096,28
0,46,52,1,28,12236130,31
0,28,33,1,6,7853935,25
0,63,68,1,8,16232654,51
0,74,87,1,22,23420250,66
0,74,77,1,43,16052704,72
0,7,28,1,8,6134043,9
0,45,50,1,2,11605181,36
0,25,28,2,4,7144512,22
0,18,19,1,6,4917985,16
0,35,41,1,18,9943008,25
0,32,34,1,14,7021790,29
0,27,33,1,9,8010074,21
0,54,70,1,9,14999951,27
0,106,215,2,21,51960956,54
0,78,149,1,11,34293733,51
0,55,55,1,31,12126027,46
0,44,52,2,13,12485588,32
0,68,70,1,14,16177296,59
0,36,47,1,19,11207126,27
0,194,238,1,48,54172588,133
0,159,178,4,54,40357199,117
0,36,45,1,24,11172502,27
0,76,97,3,23,20561260,38
0,12,14,2,6,3111368,12
0,9,18,1,5,2708554,6
0,110,138,2,31,31188684,73
0,15,16,1,2,3268105,14
0,41,50,3,3,11137339,35
0,3,15,1,2,4301677,3
0,20,22,1,11,5571550,19
0,22,23,1,18,4908101,22
0,14,19,1,2,3988434,15
0,144,177,3,29,40128864,115
0,50,81,2,12,18296820,24
0,16,18,2,3,3835740,15
0,40,45,1,3,10530173,31
0,31,33,1,5,7021475,24
0,26,31,1,6,7768668,21
0,13,24,1,3,5712179,6
0,25,27,2,2,6441285,24
0,45,48,1,4,12819026,36
0,59,82,3,40,18255875,44
0,62,63,1,24,9647235,62
0,37,60,1,28,14688453,23
0,161,192,1,70,48057518,113
0,166,191,1,2,43243567,128
0,151,205,3,84,48386406,120
0,9,10,1,11,2061707,9
0,57,58,2,7,13467774,51
0,65,83,1,55,19112247,46
0,46,54,1,23,12272944,34
0,17,19,1,5,4685643,8
0,90,154,3,68,39659165,70
1,47,50,1,14,11959181,44
0,29,31,3,5,7454627,18
0,34,35,1,23,7380665,33
0,39,59,1,21,13723702,30
0,30,55,1,3,13258547,18
0,37,40,1,24,8640760,32
0,15,15,1,9,3629722,15
0,132,149,1,56,33196793,94
0,30,35,1,14,7986767,29
0,40,44,1,22,9442946,36
0,70,82,1,13,18769628,63
0,22,23,1,19,5148619,19
0,66,97,3,24,20859978,45
0,81,114,1,12,23694980,35
0,110,124,3,95,30633014,94
0,74,99,2,35,22443152,67
0,64,68,1,6,16008992,54
0,49,54,1,2,14049210,28
0,110,147,1,13,36233599,71
0,68,81,1,9,17784074,60
0,43,43,1,5,9861751,35
0,45,62,1,36,14907387,38
0,16,43,3,7,8748346,9
0,111,136,4,7,32741859,87
0,41,50,1,13,11747290,26
0,9,50,1,9,9361587,6
0,19,23,1,5,5342656,16
0,19,20,1,10,4427301,19
0,69,101,1,38,23742634,50
0,29,32,1,13,7360004,25
0,50,53,2,6,13430043,44
0,4,14,1,3,2581672,3
0,83,90,1,31,21621494,58
0,72,120,3,54,26324743,53
0,52,58,1,33,13968820,44
0,20,21,1,10,4959544,20
0,18,20,1,4,4904070,16
0,56,62,1,3,13661915,51
0,56,61,1,25,17638514,38
0,45,51,1,6,13525669,26
0,107,194,2,98,40718107,65
0,51,56,3,26,13777908,41
0,78,87,2,44,20315610,62
0,74,78,3,48,17115146,69
0,187,205,6,84,53561016,122
0,24,31,1,2,8484680,31
0,23,42,3,14,10811435,16
0,34,38,1,9,8442162,24
0,8,8,1,2,2199492,8
0,80,104,1,43,23171508,58
0,98,120,1,8,27948831,79
0,29,32,1,2,5999255,30
0,28,29,2,17,7787927,25
0,18,18,1,5,3920384,17
0,141,155,2,80,37436319,115
0,114,134,8,23,32272406,87
0,70,110,1,8,26106219,45
0,40,41,2,3,9501803,39
0,38,46,1,18,10661944,25
0,36,40,1,19,9750954,32
0,5,10,1,5,4042536,3
0,43,44,5,10,10709181,36
0,34,50,2,10,9090977,31
0,89,103,1,10,21698803,63
0,103,124,8,52,26763493,76
0,53,64,1,21,17015069,40
0,126,164,1,24,34378400,106
0,53,91,2,3,19777780,25
0,55,58,1,14,13099768,42
0,178,183,5,94,49666604,175
0,46,53,1,3,12167420,36
0,16,17,3,6,4274978,14
0,54,61,2,16,12627140,50
0,28,30,1,4,7611809,27
0,28,60,1,5,24668922,19
0,19,19,1,5,4120084,17
0,57,59,2,23,12330426,54
0,41,47,1,7,11507643,29
0,9,62,2,5,12802098,3
0,56,74,1,22,18320544,43
0,120,156,9,50,34939410,88
0,16,29,1,5,7211102,8
0,6,6,1,5,1009640,5
0,91,107,1,51,26815535,65
0,45,52,1,12,13221058,34
0,6,13,1,6,2962703,5
0,37,44,1,11,12591911,23
0,106,235,3,9,54799152,48
0,15,16,1,2,3881116,11
0,56,89,1,22,19352924,53
0,150,185,1,23,43502622,90
0,23,39,1,2,7051357,11
0,7,11,1,2,2702997,3
0,4,43,1,2,9534014,3
0,108,121,1,13,27764324,83
0,30,55,1,8,12739933,13
0,201,235,1,6,49939410,155
0,48,52,1,8,11414196,46
0,82,117,1,40,27828112,52
0,19,19,1,6,4284245,19
0,64,74,2,24,15706786,51
0,140,190,1,48,48786515,80
0,17,20,1,4,4444821,19
0,26,32,1,21,7086556,18
0,77,89,1,28,19365645,62
0,11,14,2,3,3627449,10
0,150,183,2,83,41477384,133
0,57,72,1,19,17319215,41
0,37,38,1,15,10178516,28
1,21,23,1,2,4597865,19
0,180,198,1,63,45821977,172
0,96,220,1,46,55454339,48
0,22,23,1,15,5604771,17
0,5,5,1,2,1008292,5
0,10,10,1,4,2186968,9
0,42,43,3,15,9395168,38
0,24,24,1,22,5311158,23
0,4,8,2,3,1782858,3
1,9,9,1,3,2636272,9
0,113,122,1,50,34147242,87
0,53,83,1,21,19341106,30
0,37,55,2,12,12212703,30
0,29,44,3,10,14771305,25
0,34,35,1,10,7487981,31
0,55,56,1,3,13118525,46
0,11,24,1,3,5718853,6
0,9,88,1,2,8941719,7
0,46,51,2,3,11999709,41
0,35,40,1,8,9229731,25
0,65,68,1,48,15947956,56
0,17,19,1,5,4595425,14
0,83,106,1,2,24839332,65
0,21,33,2,7,7336109,8
0,22,23,1,14,6167484,20
0,49,56,1,21,14441367,38
0,42,48,2,8,9932312,31
0,97,104,1,37,23456397,77
0,103,133,1,50,28331164,91
0,75,104,1,20,28277577,70
0,11,14,1,7,3024234,9
0,65,91,3,46,21415521,41
0,100,117,1,4,28437764,62
0,39,46,1,20,11397414,35
0,22,28,1,3,6671217,19
0,29,35,1,17,7650968,26
0,10,15,1,10,3790756,6
0,39,42,3,11,10523041,35
0,137,195,3,18,49344651,72
0,20,40,2,2,8268004,7
0,17,31,1,5,5964742,16
0,168,245,1,131,57648694,103
0,71,75,1,26,17577615,57
0,68,70,1,4,12585034,64
0,15,21,1,12,5825144,12
0,74,79,1,11,18601789,61
0,29,85,1,8,14585036,66
0,4,36,1,2,9527681,4
0,24,33,2,4,7288529,19
0,136,150,2,51,34151580,115
0,89,138,1,3,31521556,62
0,26,26,1,2,5925277,26
0,67,88,1,19,20780240,51
0,38,50,1,7,11396880,24
0,18,18,1,10,4459168,15
0,15,16,1,12,3359795,12
0,32,35,1,2,8001919,32
0,22,28,1,10,6379515,20
0,82,110,1,27,24626349,58
0,18,39,2,9,8527771,15
0,33,45,1,17,12776721,20
0,31,36,1,11,8428187,24
0,17,18,1,2,4471587,15
0,37,81,1038,15,15112167,59
0,64,85,1,19,19218683,47
0,72,149,1,32,37324571,42
0,21,73,1,15,18923675,14
0,138,157,1,67,34553175,123
0,66,67,1,26,14712101,54
0,4,6,1,3,2047905,4
0,17,20,1,3,3861715,16
0,114,126,1,4,29527994,80
0,11,16,1,2,3576468,10
0,23,24,2,12,5567327,21
0,15,35,1,3,8111527,9
0,17,19,1,4,4151649,15
0,13,16,1,2,3718999,13
0,62,85,1,9,20563322,46
0,22,23,1,3,5516260,15
0,11,121,1,2,31118595,5
0,194,235,1,95,54713205,134
0,11,17,1,3,3368165,10
0,10,10,2,6,2394320,10
0,51,55,2,5,13069216,44
0,51,59,1,31,14198994,46
0,7,7,1,2,1805998,7
0,23,30,1,2,7948938,13
0,23,29,1,2,8070680,17
0,20,20,3,10,4241859,17
0,29,48,1,3,10750810,14
0,3,16,1,2,2275342,9
0,83,90,4,31,21382504,67
1,17,28,2,5,5892847,10
0,9,9,2,2,1914114,9
0,42,48,1,23,10056945,36
0,37,47,1,40,10142356,33
0,29,34,1,9,7910361,21
0,24,33,1,5,8202120,17
0,7,8,1,2,2091648,4
0,53,57,1,39,14488716,51
1,15,94,1,6,25831390,9
0,128,204,1,62,43421679,67
0,81,86,1,10,20908133,62
0,10,12,1,8,2638772,9
0,121,143,3,26,34849426,89
0,67,75,1,6,16875684,51
0,30,113,1,7,27581867,16
0,15,15,1,8,3250849,10
0,7,10,1,4,2237697,7
0,21,234,1,5,46448007,59
0,53,112,2,18,21656971,46
0,35,41,1,7,8563173,31
0,44,45,2,17,11396490,44
0,180,189,1,6,42936735,149
0,85,97,1,22,21676960,68
0,44,53,1,13,12480160,33
0,12,14,1,3,2868245,5
0,21,21,1,5,4594018,21
0,17,17,1,3,3494895,16
0,24,24,1,7,5151514,22
0,107,165,1,72,36971214,73
0,23,120,1,3,26510292,54
0,19,24,2,17,7481073,17
0,70,78,6,4,17771865,58
0,16,19,1,2,4370484,13
0,24,24,1,4,5967277,15
0,17,18,1,4,4064674,16
0,28,35,2,7,12196214,15
0,14,16,1,6,3222010,12
0,69,76,2,59,16449976,54
0,22,27,1,3,6103083,15
0,97,128,1,4,27697847,73
0,14,19,2,6,3732421,18
0,157,207,1,9,48926806,103
0,17,19,1,2,3999213,16
0,18,18,1,7,4015752,17
0,66,121,2,73,29197826,42
0,61,69,1,5,14518491,53
0,52,117,3,27,26981820,39
0,17,111,1,3,25135565,11
0,19,136,1,7,27175214,9
0,193,221,3,78,48585388,148
0,86,150,1,12,33568346,55
0,12,12,1,2,2911434,11
0,15,27,1,4,5756548,4
0,121,211,1,56,50294546,85
0,141,200,2,126,49717490,101
0,77,101,3,68,25884968,58
0,51,53,1,4,12265773,36
0,14,17,1,4,4241888,9
0,49,49,1,35,11639639,45
0,3,59,2,2,7744568,10
0,167,218,3,37,54136863,102
0,57,73,4,42,24098628,39
0,16,16,1,5,3492144,15
0,112,132,2,36,28867643,106
0,90,96,1,25,21620089,78
0,147,179,1,42,42753000,117
0,43,50,1,17,12286033,39
0,48,64,4,18,11146474,42
0,12,14,1,2,3767219,11
0,47,48,1,14,10463771,47
0,69,72,1,37,18798519,56
0,31,36,1,7,7703622,30
0,42,91,2,26,33080913,30
0,49,54,1,22,13703082,41
0,22,22,1,12,4999906,21
0,30,37,1,18,8765681,25
0,41,47,1,12,11309492,35
0,11,25,2,3,4523189,7
0,25,29,1,25,6091075,23
1,28,31,1,9,7936491,25
0,70,133,1,30,33793856,45
0,21,42,1,3,9150473,12
0,43,68,2,33,16582784,34
0,82,85,1,24,17181746,58
0,6,9,1,5,1996675,5
0,133,241,1,38,50341906,71
0,21,26,1,10,6211312,18
0,48,62,1,2,14597634,35
0,6,6,1,4,1384776,6
0,74,82,1,2,18696030,49
0,38,41,2,35,9151970,36
0,54,59,1,5,14042586,48
0,137,225,2,21,52613668,77
0,63,66,1,22,15285499,57
0,20,22,1,10,5887643,17
0,6,35,1,3,8272231,3
0,6,6,1,4,1718302,6
0,7,7,1,4,1724810,6
0,11,11,8,2,3003906,11
1,98,135,1,14,29696098,42
0,19,20,1,8,4413536,14
0,83,137,1,6,31869941,52
0,141,207,6,6,44548821,58
0,10,70,1,4,16408701,9
0,42,45,1,28,10891819,39
0,48,54,1,20,12802175,34
0,14,14,1,2,3659376,10
0,42,47,3,4,13208416,37
0,36,42,1,6,9451263,24
0,64,66,1,13,14511221,61
0,22,26,2,4,7765445,18
0,7,11,1,2,2442207,7
0,30,30,1,2,5044396,30
0,103,113,1,27,25090570,78
0,51,53,2,6,11656243,43
0,10,14,1,4,2917328,6
0,47,87,2,2,21314596,20
0,28,41,1,10,8388914,28
0,73,90,2,45,22637299,65
0,118,134,1,13,31388970,91
0,70,71,1,57,16432020,60
0,6,8,2,3,1871236,6
0,68,89,1,8,24591942,30
0,38,40,1,14,9008766,36
0,12,162,1,2,43003986,8
0,45,48,1,7,11480569,42
0,142,146,1,13,31814633,127
0,57,112,1,9,25827393,35
0,12,12,1,2,2472526,12
0,32,36,1,12,8340370,30
0,56,103,1,38,23720395,40
0,70,75,1,10,18541223,60
0,55,61,1,21,14618370,47
0,60,65,2,8,13131762,37
0,9,10,1,4,2217770,8
0,17,18,1,4,4142432,17
0,97,120,1,24,34682579,63
0,46,54,1,6,11746828,42
0,30,35,1,5,7729111,33
1,47,47,1,12,9746258,44
0,30,36,1,8,9696452,22
0,40,44,1,11,12324961,32
0,29,37,3,25,11239296,18
1,26,26,1,6,6073195,26
0,54,56,1,9,13517594,53
0,21,35,1,12,7806717,16
0,36,49,2,7,10964833,34
0,82,140,1,61,30712867,55
0,75,94,3,6,23837606,45
0,79,92,1,34,20275508,75
0,27,31,2,5,6970595,21
0,16,26,1,5,5355947,14
0,68,119,1,61,25345670,52
0,10,10,1,3,2183323,9
0,7,63,1,3,14325817,7
0,71,74,1,36,16786449,68
0,54,55,2,14,11815189,49
0,6,9,1,4,2229106,3
0,8,10,1,4,2395154,5
0,59,70,2,44,15388277,51
0,24,24,1,8,5344096,18
0,120,224,1,30,49978310,55
0,32,75,1,22,18718684,22
0,23,39,1,2,7188894,15
0,17,17,2,2,3861463,17
0,21,21,1,19,4772474,21
0,57,59,1,42,18568996,51
0,36,53,1,11,14449011,25
0,52,80,1,38,17831472,35
0,10,10,1,2,2353881,8
0,109,135,1,59,30889047,78
0,47,97,1,29,21868096,33
0,12,12,1,3,2805925,12
0,11,11,1,4,2244462,8
0,131,162,4,88,35918107,73
0,31,35,2,5,8984013,28
0,56,79,1,24,17996632,50
0,46,57,1,11,12750541,36
0,110,133,1,3,35127057,77
0,14,17,1,6,4045052,14
0,110,140,1,12,33074974,71
0,15,21,1,6,4848999,13
0,11,16,1,4,4692356,6
0,116,133,1,8,28795617,105
0,105,126,1,37,26607391,54
0,181,221,1,178,47162649,148
0,183,214,3,90,48909656,123
0,29,35,1,10,7749913,22
0,53,56,1,11,13926435,47
0,24,100,1,26,27207422,8
0,150,203,1,50,48616835,78
0,63,79,1,8,19433173,37
0,60,69,1,13,15491200,58
1,69,172,1,2,36983438,35
0,12,14,1,8,3261685,10
1,31,33,1,24,7254125,26
1,84,87,1,5,20637964,74
0,17,19,1,3,4261773,17
0,106,126,1,29,31829172,73
0,24,38,1,18,8986743,21
0,38,61,1,26,14914634,35
0,40,41,1,8,9917901,36
0,17,17,1,13,3699248,15
0,98,119,1,63,27538723,82
0,75,108,1,37,24950143,40
0,43,44,1,34,9065801,37
collaborative,num_albums,num_tracks,num_followers,num_edits,duration_ms,num_artists
collaborative,num_albums,num_tracks,num_followers,num_edits,duration_ms,num_artists
